Fire;Fire:炎
Lightning;Lightning:稲妻
Ice;Ice:冷気
Nature;Nature:自然
Arcane;Arcane:秘術
Dark;Dark:暗黒
Holy;Holy:破邪
Sorcery;Sorcery:魔術
Conjuration;Conjuration:召喚
Enchantment;Enchantment:付与
Word;Word:言霊
Orb;Orb:球
Dragon;Dragon:龍
Translocation;Translocation:転移
Metallic;Metalic:金属
Eye;Eye:瞳術
Chaos;Chaos:混沌
Undead;Undead:死霊
Elemental;Elemental:元素
Acid;Acid:酸
Demon;Demon:悪魔
Spider;Spider:蜘蛛
Poison;Poison:毒
Living;Living:生物
Construct;Construct:建造物
Eye;Eye:目
Glass;Glass:ガラス
Tongue;Tongue:舌
Slime;Slime:スライム
[physical];[物理:physical]
[fire];[炎:fire]
[lightning];[稲妻:lightning]
[ice];[冷気:ice]
[nature];[自然:nature]
[arcane];[秘術:arcane]
[dark];[暗黒:dark]
[holy];[破邪:holy]
[sorcery];[魔術:sorcery]
[conjuration];[召喚:conjuration]
[enchantment];[付与:enchantment]
[word];[言霊:word]
[orb];[球:orb]
[dragon];[龍:dragon]
[translocation];[転移:translocation]
[metallic];[金属:metallic]
[eye];[瞳術:eye]
[chaos];[混沌:chaos]
[undead];[死霊:undead]
[elemental];[元素:elemental]
[heal];[治癒:heal]
[acid];[酸:acid]
[demon];[悪魔:demon]
[spider];[蜘蛛:spider]
[poison];[毒:poison]
[living];[生物:living]
[construct];[建造物:construct]
[eye];[目:eye]
[glass];[ガラス:glass]
[tongue];[舌:tongue]
[slime];[スライム:slime]
[shield];[盾:shield]
[petrify];[石化:petrify]
[Petrified];[石化:petrify]
[petrified];[石化:petrify]
[stunned];[スタン:stunned]
[Stunned];[スタン:stunned]
[berserk];[狂乱:berserk]
[Berserk];[狂乱:berserk]
[Blind];[盲目:blind]
[%d_physical:physical];[%d_物理:physical]
[%d_fire:fire];[%d_炎:fire]
[%d_lightning:lightning];[%d_稲妻:lightning]
[%d_ice:ice];[%d_冷気:ice]
[%d_nature:nature];[%d_自然:nature]
[%d_arcane:arcane];[%d_秘術:arcane]
[%d_dark:dark];[%d_暗黒:dark]
[%d_holy:holy];[%d_破邪:holy]
[%d_sorcery:sorcery];[%d_魔術:sorcery]
[%d_conjuration:conjuration];[%d_召喚:conjuration]
[%d_enchantment:enchantment];[%d_付与:enchantment]
[%d_word:word];[%d_言霊:word]
[%d_orb:orb];[%d_球:orb]
[%d_dragon:dragon];[%d_龍:dragon]
[%d_translocation:translocation];[%d_転移:translocation]
[%d_metallic:metallic];[%d_金属:metallic]
[%d_eye:eye];[%d_瞳術:eye]
[%d_chaos:chaos];[%d_混沌:chaos]
[%d_undead:undead];[%d_死霊:undead]
[%d_elemental:elemental];[%d_元素:elemental]
[%d_heal:heal];[%d_治癒:heal]
[%d_acid:acid];[%d_酸:acid]
[%d_demon:demon];[%d_悪魔:demon]
[%d_spider:spider];[%d_蜘蛛:spider]
[%d_poison:poison];[%d_毒:poison]
[%d_living:living];[%d_生物:living]
[%d_construct:construct];[%d_建造物:construct]
[%d_eye:eye];[%d_目:eye]
[%d_glass:glass];[%d_ガラス:glass]
[%d_tongue:tongue];[%d_舌:tongue]
[%d_slime:slime];[%d_スライム:slime]
[%d_shield:shield];[%d_シールド:shield]
Resist Physical;物理耐性
Resist Poison;ポーション耐性
Resist Fire;炎耐性
Resist Ice;氷耐性
Resist Lightning;雷耐性
Resist Nature;自然耐性
Resist Arcane;秘術耐性
Resist Dark;暗黒耐性
Resist Holy;破邪耐性
Resist Poison;毒耐性
Resist Acid;酸耐性
HOW TO PLAY;遊び方
Finish 24 levels and kill Mordred to win the game.;24のレベルをクリアし、Mordredを倒せばゲームに勝利する。
Destroy all enemies to finish a level.;すべての敵を撃破することでレベルクリアだ。
After completing a level, walk onto a rift to peek inside.;レベルをクリアした後、裂け目の上を歩いて中を覗いてみよう。
Teleport through the rift by clicking any empty tile, or abort the teleport using escape.  ;空いているタイルをクリックして裂け目からテレポートするか、エスケープでテレポートを中止する。
After you teleport into a level, you cannot leave until it is finished.  Teleport with care.;テレポートで入ったレベルは、そのレベルが終了するまで出ることができない。 テレポートは慎重に行なおう。
Spells and passive skills can all purchased with skillpoints (SP) from the Character Sheet.;呪文とパッシブスキルは、すべてキャラクターシートからスキルポイント（SP）を使って購入することができる。
Spells can be individually upgraded from the Character sheet using SP, and at shrines found in the world.;呪文は、キャラクターシートからSPを使って個別にアップグレードすることができ、ワールド内にある祠でもアップグレードすることができる。
Spells have limited charges.  Casting a spell costs one charge from that spell.;スペルのチャージには制限がある。 呪文を唱えると、その呪文のチャージを1つ消費する。
Regain charges by drinking mana potions, which can be found on the ground in some levels.;マナポーションを飲むとチャージが回復する。マナポーションは一部の階層で地面に落ちている。
CONTROLS:;Numpad:
H: Help (This Screen)      C: Character Sheet      S: Learn Spells     K: Learn Skills;H：ヘルプ（この画面） C：キャラクターシート S：呪文の習得 K：スキルの習得
Left click: Move, or cast currently selected spell at the cursor's position.;左クリック: 移動、または現在選択されている呪文をカーソルの位置に唱える。
Right click: Cancel current spell or exit current menu;右クリック: 現在の呪文を取り消すか、現在のメニューを終了する。
Numpad:;Numpad:
7 8 9;7 8 9
4   6  -> Move one space in the corresponding direction.;4   6  -> 対応する方向に1スペース移動します。
1 2 3;1 2 3
Numpad 5: Wait one turn (Or continue channeling if channeling a spell);テンキー5: 1ターン待つ（呪文をチャネリングしている場合は、チャネリングを継続する）
1 2 3 4 5 6 7 8 9 0: Cast/Select spell 1-10;        1 2 3 4 5 6 7 8 9 0: 呪文1～10を唱える／選択する
Shift + 1 2 3 4 5 6 7 8 9 0: Cast/Select spell 11-20;Shift + 1 2 3 4 5 6 7 8 9 0: 呪文を唱える/選択する 11-20
Alt   + 1 2 3 4 5 6 7 8 9 0: Use/Select item 1-10;Alt   + 1 2 3 4 5 6 7 8 9 0: 使用／項目1～10を選ぶ
Numpad/mouse: move the targeting reticle.;テンキー/マウス: ターゲットレティクルを移動します。
Esc: Cancel spell targeting;Esc: 呪文ターゲティングをキャンセルする。
Enter: cast current spell or enter portal at current location;Enter: 現在の呪文を唱えたり、現在地のポータルに入ったりする。
Advanced Controls:;Advanced Controls:
l: Show line of sight           t: Show threatened tiles;l: 視線を表示する           t: 脅威のタイルを表示する
Tab:  Next target               m:   Show message log;Tab:  次のターゲット               m:   メッセージログを表示
v: look (target a square to look, tab target to look at interesting places);v: 見る（見るために四角をターゲットにする、面白い場所を見るためにタブターゲットをターゲットにする）
w: walk (target a square to walk there, tab target to walk to interesting places);w: 歩く（広場をターゲットにしてそこを歩く、タブターゲットで面白い場所を歩く）
a: autopickup all loot (after clearing level);a: 全ての戦利品を自動でピックアップ（レベルクリア後）
Shift + up/down arrow on character sheet: change selected spell hotkey;Shift + 上下の矢印（キャラクターシート中）: 選択した呪文のホットキーを変更する
i: interact with current tile (enter portal, open shop);i: 現在のタイルと対話する（ポータルに入る、ショップを開く）
pgup/pgdown: view descriptions of spell upgrades (when viewing spell description);pgup/pgdown: スペルアップグレードの説明を見る（スペル説明閲覧中のみ）
Stunned: Cannot act.;Stunned: 行動不能になる。
Poisoned: Take 1 poison damage per turn and cannot heal.;Poisoned: 1ターンに1回、毒のダメージを受け、回復できない。
Petrified: Cannot act, gain 100 ice and lightning resist, gain 75 physical and fire resist.;Petrified: 行動不能、冷気と稲妻の耐性が100、物理と炎の耐性が75になる。
Glassified: Cannot act, gain 100 ice and lightning resist, 75 fire resist, lose 100 physical resist.;Glassified: 行動不能、冷気と稲妻耐性100、炎耐性75、物理耐性100を失う。
Frozen: Cannot act.  Ends upon taking fire or physical damage.  Cannot affect units with 100 ice resist.;Frozen: 行動不能。 炎か物理ダメージを受けると終了する。 冷気耐性が100のユニットには影響しない。
Berserked: Become hostile to all other units.  Will attack and be attacked by allies.;Berserked: 他の全てのユニットに対して敵対心を持つようになる。 味方を攻撃し、味方から攻撃されるようになる。
Blind: All spell ranges reduced to 1.;Blind: 全てのスペルの射程が1になる。
Channeling: Will continue to cast previous spell with same target if no other action is taken.;Channeling: 他のアクションを起こさなければ、同じターゲットに前のスペルをかけ続ける。
Shield (SH): If a unit with SH would be dealt damage, it loses 1 SH instead.;Shield (SH): シールドを持つユニットがダメージを受ける場合、代わりに1SHを失う。
Healing Potion;HEALING POTION
Drinking this potion restores the drinker to full health.;HPが全回復する。
Cannot be used while poisoned.;毒状態のときは使えない。
Mana Potion;MANA POTION
Refresh charges for all of your spells;全ての魔法を満タンまでチャージする。
Teleporter;TELEPORTER
Teleport anywhere on the map.;すきな場所へテレポートする。
Chaos Bell;CHAOS BELL
Each enemy unit has a %d% chance to go berserk and attack its friends for %d turns;フロアの敵が%d％の確率で凶暴化し %dターンの間仲間を攻撃する。
Golden Stopwatch;GOLDEN STOPWATCH
Stun each enemy unit for %d turns;フロアの敵を%dターンの間スタンさせる。
Death Dice;DEATH DICE
Roll the dice to deal %d Dark damage to %d random enemies;サイコロを振って[%d_闇ダメージ:dark]を ランダムな敵%d体に与える。
Energy Shield;ENERGY SHIELD
Gain immunity to [%a], [%a], [%a], and [%a] damage for %d turns;%dターンの間[%a] [%a] [%a] [%a]ダメージに対する免疫を得る。
Stone Shield;STONE SHIELD
Gain immunity to [%a], [%a], and [%a] damage for %d turns;%dターンの間[%a] [%a] [%a]ダメージに対する免疫を得る。
Earthquake Orb;EARTHQUAKE ORB
Deals %d physical damage and destroys walls on %d% of all level tiles.;[%d_物理ダメージ:physical]をフロアのタイルの%d%に与え、壁を破壊する。
Dragon Horn;DRAGON HORN
Summon friendly dragons in each unoccupied adjacent square;隣接する未使用の各スクエアに味方ドラゴンを召喚する。
Portal Disruptor;PORTAL DISRUPTOR
Change the destination of all portals in the current level;現在のフロアにある全ポータルの行き先を変更する。
Shrine Disruptor;SHRINE DISRUPTOR
Remake all of the shrines in the current level.;現在のフロアにある全ての祠を作り直す。
Portal Key;PORTAL KEY
Create a new unlocked rift at a random location in the current level;フロアのランダムな場所に新しく解錠されたリフトを作る。
Orb of Corruption;ORB OF CORRUPTION
An evil and dangerous artifact capable of corrupting creation.  A wise Wizard would surely only use it in the most dire of circumstances.;創造物を腐敗させることができる邪悪で危険なアーティファクト。賢明なウィザードならきっと最も悲惨な状況下でしか使わないだろう。
Elixir of Youth;ELIXIR OF YOUTH
For %d turns, all spell charges spent are instantly refunded;%dターンの間、消費した全てのスペルチャージが即座に回復する。
Aether Dagger;AETHER DAGGER
Enemy units in line of sight of the user lose all resistances and immunities;視界に入る敵がすべての抵抗と免疫を失う。
Oculus;OCULUS
For %d turns, your spells gain %d range and do not require line of sight;%dターンの間自分の魔法は射程距離が%d伸び視線を必要としない。
Memory Enhancement;MEMORY ENHANCEMENT
The effect of memory orbs is doubled;メモリーオーブの効果が倍になる。
Draught of Memories;DRAUGHT OF MEMORIES
For %d turns, gain double the effect of each memory orb you pick up;%dターンの間拾ったメモリーオーブの効果を倍にする。
Bag of Spikes;BAG OF SPIKES
Summon %d friendly rolling spikeballs;%d体の友好的な rolling spikeballs を召喚する。
Bag of Bags;BAG OF BAGS
Summon %d friendly bags of bugs;%d体の友好的な bags of bugs を召喚する。
Troll Crown;TROLL CROWN
Creates %d friendly troll gates;%dつの友好的な troll gates を作成する。
Storm Troll Crown;STORM TROLL CROWN
Creates %d friendly storm troll gates;%dつの友好的な storm troll gates を作成する。
Earth Troll Crown;EARTH TROLL CROWN
Creates %d friendly earth troll gates;%dつの友好的な earth troll gates を作成する。
Memory Orb;MEMORY ORB
Grants %d SP;%d SPを獲得する
Ruby Heart;RUBY HEART
Increase max hp by %d;最大HPを%d増加させる
up:;上移動:
down:;下移動:
left:;左移動:
right:;右移動:
up-right:;右上移動:
up-left:;左上移動:
down-right:;右下移動:
down-left:;左下移動:
pass/channel:;足踏み:
confirm/cast:;呪文を撃つ:
abort/cast:;呪文をキャンセルする:
Spell %d:;呪文 %d:
Spell Modifier Key:;呪文変更:
Item Modifier Key:;アイテム変更:
Next Target:;ターゲット変更:
Show Line of Sight:;視界表示:
Look:;見る:
Walk:;歩く:
Autopickup:;自動拾い:
Character Sheet:;キャラクターシート表示:
Spells:;呪文:
Skills:;スキル:
Items:;アイテム:
Help:;ヘルプ表示
Interact:;インタラクト:
Message Log:;メッセージログ表示:
Show Threat Zone:;脅威ゾーン表示:
Prev tooltip:;前へ:
Next tooltip:;次へ:
Fast Forward:;早送り:
Reset to Default;デフォルト設定に戻す
Done;設定を終える
CONTINUE RUN;途中から続ける
ABANDON RUN;冒険を破棄する
NEW GAME;新しい冒険
OPTIONS;オプション
BESTIARY;モンスター情報
DISCORD;Discord
QUIT;ゲームをやめる
ARCHMAGE;アークメイジ
Back to Title;タイトルへ戻る
NORMAL GAME;ノーマルゲーム
ARCHMAGE TRIALS;アークメイジトライアル
WEEKLY RUN;ウィークリーラン
Music Volume:;BGM音量
Menu (ESCAPE);メニュー(ESCAPE)
How to Play (H);遊び方(H)
Character Sheet (C);キャラクターシート(C)
Really abandon the current run?;本当にこの冒険を破棄する？
Yes;はい
No;いいえ
(Defeat all enemies and destroy all gates to unlock);全ての敵を倒し全てのゲートを破壊することでアンロックされる。
Adjust options;オプションを開く
Learn how to play;遊び方を学ぶ
Learn new spells and abilities;新しい呪文やスキルを学ぶ
Return to Game;ゲームに戻る
Save and Exit;タイトルに戻る
Base Game Settings:;ゲーム設定:
How to Play;  遊び方
Sound Volume:  %d;  サウンドボリューム:  %d
Sound Volume:   %d;  サウンドボリューム:   %d
Sound Volume:    %d;  サウンドボリューム:    %d
Music Volume:  %d;  ミュージックボリューム:  %d
Music Volume:   %d;  ミュージックボリューム:   %d
Music Volume:    %d;  ミュージックボリューム:    %d
Anim Speed: normal;  アニメーションスピード:  通常
Anim Speed:   fast;  アニメーションスピード:  高速
Anim Speed:  turbo;  アニメーションスピード: ターボ
Anim Speed: Xturbo;  アニメーションスピード:Xターボ
Rebind Controls;  キーコンフィグ
Language:;  言語:
Operate Cannon;キャノン砲操作
Activate's a Cannon;キャノン砲を作動させる。
Repair Cannon;キャノン砲修理
Repair %d damage to a Cannon;キャノン砲を%dダメージ分修理する。
Wander;さまよう
Walk towards a nearby Cannon;キャノン砲に向かって歩く。
Construct Cannon;キャノン砲製造
Begins construction of a Cannon.;キャノン砲製造を開始する。
Cannon Blast;キャノン砲発射
%d Physical or Fire damage;%d 物理または炎ダメージ
Must be at full HP to fire.;HPがMAXの時、発射する。
Loses half max HP on firing.;発射時に最大HPの半分を失う。
On death, deals %d Fire damage to all tiles in a radius of %d;死亡時、[%d_炎ダメージ:fire]を%dの範囲に与える。
On death, deals %d Physical damage to all tiles in a radius of %d;死亡時、[%d_物理ダメージ:physical]を%dの範囲に与える。
Applies Poison for %d turns.  ;%dターンの間毒を与える
WELCOME;WELCOME
Welcome to Rift Wizard.;ようこそRiftWizardへ。
Press H for a full help screen and details on all the game's controls.;Hを押すことでヘルプがいつでも閲覧できます。
Mouseover something for a detailed description of what it does.;大抵のものはマウスカーソルを合わせれば詳細が確認できます。
Press S to purchase a spell.;Sボタンで呪文が習得出来ます。
Welcome back Wizard, to the ruins of the universe.;ウィザードよ、万物の廃墟へよくぞ戻った。
Aeons passed while you slumbered.;そなたが眠っている間に何世紀もの時が流れてしまった。
You have sleptwalk across many worlds.;いくつもの世界を眠り歩いたようだな。
The universe, once ordered and beautiful, lies in chaos and ruin.;かつて秩序と美を誇ったこの世界も、今では混沌とした廃墟となってしまった。
And you as well:;そなたについても同じようなものだ。
You were a great wizard once, but your magic and your memories have faded.;かつては偉大なウィザードだったが、その魔法も記憶も薄れてしまった。
Your purpose you remember.  Revenge.;ただ目的だけは覚えているだろう。復讐だ。
The Dark Wizard Mordred is nearby.;闇のウィザード、モードレッドがすぐ近くにいる。
Perhaps he is what woke you?;そなたが目覚めたのもあの男の存在故かもしれない。
Regain your power, and slay Mordred.;力を取り戻せ、そしてモードレッドを討ち滅ぼすのだ。
VICTORY;*勝利*
Mordred is defeated.;モードレットは倒された。
Order and justice will soon return to the universe.;この世界にもじき、秩序と正義が戻るだろう。
Exhausted, you fade from conciousness back into sleep.;疲れ果てたあなたは、再び眠りの世界へと落ちてゆく。
Perhaps this time, you may dream.;今度こそ、夢を見ることが出来るだろう。
You have stepped halfway through the rift.  ;裂け目の半分を踏み越えた。
You may choose any point in the next world to materialize at (Enter, left click), or you may step out of this rift and return to the previous world (ESC, right click).;次の世界の好きな場所を選んで実体化するか(Enter/左クリック)この裂け目から出て前の世界に戻るか(Esc/右クリック)選んでください。
Beware, for once you enter, there will be no way to return.;一度入ってしまうともう戻ることは出来ないので注意してください。
Spells;呪文
Skills;スキル
Realm %d;REALM %d
Level %d;LEVEL %d
level %d;LEVEL %d
Upgrades:;UPGRADES:
turn cooldown;ターンのクールダウン
range;射程
radius;範囲
Range %d;射程: %d
Charges: %d/%d ;チャージ: %d/%d
Range %d (Ignores LOS);射程: %d （視界無視）
Melee;近接攻撃
Physical damage;物理ダメージ
Physical or Fire damage;物理または炎ダメージ
Spawns a %s every %d to %d turns.;%dから%dターン毎に%sが出現する。
Next spawn: %d turns;次の出現は%dターン後
Enhances [%a] spell with:;[%a]の魔法に以下の効果を追加する:
Enhances [%a] or [%a] spell with:;[%a]か[%a]の魔法に以下の効果を追加する:
Enhances [%a] or [%a] or [%a] spell with:;[%a]か[%a]か [%a]の魔法に以下の効果を追加する:
Enhances [%a] or [%a] or [%a] or [%a] spell with:;[%a]か[%a]か[%a]か[%a]の魔法に以下の効果を追加する:
Limit %d shrine per spell.;1つの呪文につき1つの祠のみ効果を発揮する\n
Can be applied only to [sorcery] and [enchantment] spells.;[sorcery]か[enchantment]の呪文にのみ適用可能です
Icicle;ICICLE
Deal [%d_physical:physical] damage to the target.;対象に[%d_物理:physical]ダメージを与える。
Then, deal [%d_ice:ice] to the target and a [%d_tile:radius] area around it.;その後、対象とその周囲[%d_タイル:radius]範囲に[%d_氷:ice]ダメージを与える。\n
%d - Freezing;%d - フリージング
Freezing;フリージング
Freeze the main target for %d turns;対象を%dターン凍結する
%d - Icicle Harvest;%d - アイシクル・ハーヴェスト
Icicle Harvest;アイシクル・ハーヴェスト
Whenever a frozen enemy dies to [%a] damage, regain a charge of Icicle.;凍結した敵が[%a]ダメージで死んだ場合、Icicleのチャージを1つ回復する。
Magic Missile;MAGIC MISSILE
Deal [%d_arcane:arcane] damage to the target.;対象に[%d_秘術:arcane]ダメージを与える。\n
%d - Shield Burn;%d - シールドバーン
Shield Burn;シールドバーン
Magic Missile removes up to %d SH from the target before dealing damage.;MAGIC MISSILEはダメージを与える前に対象から最大%d[シールド:shield]を取り除く。
%d - Slaughter Bolt;%d - スローターボルト
Slaughter Bolt;スローターボルト
If Magic Missile targets a [%a] unit, it deals [%a], [%a], and [%a] damage instead of [%a].;MAGIC MISSILEが[%a]ユニットを対象とする場合、代わりに[%a]、[%a]、[%a]ダメージを与える。
%d - Holy Bolt;%d - ホーリーボルト
Holy Bolt;ホーリーボルト
If Magic Missile targets an [%a] unit, it deals [%a] damage in addition to [%a] damage.;MAGIC MISSILEが[%a]ユニットを対象とする場合、[%a]ダメージに加えて[%a]ダメージを与える。
%d - Disruption Bolt;%d - ディスラプションボルト
Disruption Bolt;ディスラプションボルト
If Magic Missile targets an [%a] unit, it deals [%a] and [%a] damage instead of [%a].;MAGIC MISSILEが[%a]ユニットを対象とする場合、代わりに[%a]と[%a]ダメージを与える。
Poison Sting;POISON STING
Deal [%d_physical:physical] damage to target unit.;対象のユニットに[%d_物理:physical]ダメージを与える。
That unit is [%a] for [%d_turns:duration].;そのユニットは[%d_ターン:duration]間[%a]となる。
[%a] units take %d [%a] damage each turn.;[%a]ユニットは毎ターン%d [%a]ダメージを受ける。\n
%d - Acidity;%d - アシディティ
Acidity;アシディティ
Damaged targets lose all poison resist;ダメージを受けた対象はすべての毒抵抗を失う。
Blazerip;BLAZERIP
Deals [%d_arcane:arcane] and [%d_fire:fire] damage in a [%d_tile:radius] line perpendicular to the caster.;[%d_秘術:arcane]と[%d_炎:fire]ダメージを詠唱者に垂直な[%d_タイル:radius]に与える。
Melts walls in the affected area.;影響範囲内の壁を溶かす。\n
Boiling Blood;BOILING BLOOD
All allied units gain stacking [%d_damage:damage] bonus to their fire and physical abilities.;すべての味方ユニットが火と物理の能力に対して積み重ね可能な[%d_damage:damage]ボーナスを得る。\n
%d - Extra Damage;%d - 追加ダメージ
Extra Damage;追加ダメージ
%s gains %d Extra Damage;%sは%d追加ダメージを得る。
%d - Holy Fury;%d - ホーリー・フューリー
Holy Fury;ホーリー・フューリー
Boiling Blood also impacts holy abilities;BOILING BLOODは[破邪:holy]の能力にも影響を及ぼす。
%d - Dark Fury;%d - ダーク・フューリー
Dark Fury;ダーク・フューリー
Boiling Blood also impacts dark abilities;BOILING BLOODは[暗黒:dark]の能力にも影響を及ぼす。
Chain Lightning;CHAIN LIGHTNING
Fire an arcing bolt of electricity dealing [%d_lightning:lightning] damage.;電撃を放ち、[%d_稲妻:lightning]ダメージを与える。
The bolt repeatably arcs to new targets within the cascade range.;ボルトはカスケード範囲内の新しいターゲットに繰り返しアークを形成する。
Each arc deals damage to all units along a beam.;各アークはビームに沿った全ユニットにダメージを与える。
The bolt can arc up to [%d_tiles:radius], and cannot pass through walls.;ボルトは[%d_タイル:radius]までアークを形成でき、壁を通過することはできない。
The bolt terminates when it cannot arc to any new targets.;新しいターゲットにアークを形成できないとき、ボルトは終了する。\n
%d - Cascade Range;%d - カスケード範囲
Cascade Range;カスケード範囲
%d - Cloud Conductance;%d - クラウド・コンダクタンス
Cloud Conductance;クラウド・コンダクタンス
Chain Lightning can arc to blizzards and storm clouds;チェーンライトニングはブリザードと嵐の雲にアークを形成できる。
%d - Lightning Shield;%d - ライトニング・シールド
Lightning Shield;ライトニング・シールド
Chain Lightning can arc to friendly targets.;チェーンライトニングは友好的なターゲットにアークを形成できる。
Friendly units hit by Chain Lightning gain %d SH, up to a max of %d, instead of damaged.;チェーンライトニングに当たった友好的なユニットはダメージを受ける代わりに%dの[シールド:shield]を得る、最大で%dまで。
Eye of Fire;EYE OF FIRE
Every [%d_turns:shot_cooldown], deals [%d_fire:fire] damage to a random enemy unit in line of sight.;[%d_ターン:shot_cooldown]毎に、視界内のランダムな敵ユニットに[%d_炎:fire]ダメージを与える。
%d - Shot Cooldown;%d - 発射間隔
Shot Cooldown;発射間隔
%s gains [-%d_shot_cooldown:shot_cooldown];%sは[-%d_クールダウン:shot_cooldown]を得る。
Eye of Ice;EYE OF ICE
Every [%d_turns:shot_cooldown], deals [%d_ice:ice] damage to a random enemy unit in line of sight.;[%d_ターン:shot_cooldown]毎に、視界内のランダムな敵ユニットに[%d_冷気:ice]ダメージを与える。
Eye of Lightning;EYE OF LIGHTNING
Every [%d_turns:shot_cooldown], deals [%d_lightning:lightning] damage to a random enemy unit in line of sight.;[%d_ターン:shot_cooldown]毎に、視界内のランダムな敵ユニットに[%d_稲妻:lightning]ダメージを与える。
Eye of Rage;EYE OF RAGE
Every [%d_turns:shot_cooldown], inflict [%a] on a random enemy unit in line of sight for [%d_turns:berserk].;[%d_ターン:shot_cooldown]毎に、視界内のランダムな敵ユニットに[%a]を[%d_ターン:berserk]付与する。
%d - Berserk Duration;%d - 狂暴化持続時間
Berserk Duration;狂暴化持続時間
%s gains %d Berserk Duration;%sは%d狂暴化持続時間を得る。
%d - Lycanthropy;%d - 狼人症
Lycanthropy;狼人症
When Eye of Rage targets a [%a] unit with %d or less HP, that unit is instantly killed and raised as friendly Werewolf.  That Werewolf is berserked for %d turns.;狼人症は、激怒の目が%d HP以下の[%a]ユニットをターゲットにしたとき、そのユニットは即座に殺されて友好的なウェアウルフとして蘇生する。そのウェアウルフは%dターン狂暴化する。
Fan of Flames;FAN OF FLAMES
Deal [%d_fire:fire] damage to all units in a cone.;すべてのユニットに対して[%d_炎:fire]ダメージを扇形に与える。
Freeze;FREEZE
Target unit is [%a] for [%d_turns:duration].;ターゲットユニットは[%d_ターン:duration]の間[%a]となる。
[%a] units cannot act. Frozen units unfreeze upon taking [%a] or [%a] damage.;[%a]ユニットは行動できない。[%a]または[%a]ダメージを受けると、凍結したユニットは解凍する。\n
frozen;凍結
Frozen;凍結
Healing Light;HEALING LIGHT
Heal all allies in line of sight for [%d_health:heal].;視界内のすべての味方を[%d_治癒:heal]で回復する。\n
%d - Heal;%d - ヒール
Heal;ヒール
%d - Shielding Light;%d - シールディング・ライト
Shielding Light;シールディング・ライト
%s gains [%d_heal:heal];%sは[%d_治癒:heal]を得る
Allies in line of sight gain %d shield;視界内の味方は[%d_シールド:shield]を得る
Heavenly Blast;HEAVENLY BLAST
Deal [%d_holy:holy] damage to enemies and heal allies for [%d_hp:heal] along a beam and in a [%d_tile:radius] burst.;敵に[%d_破邪:holy]ダメージを与え、味方を[%d_hp:heal]で回復する。（ビームおよび[%d_タイル:radius]の範囲爆発に沿う）\n
%d - Shield;%d - シールド
Shield;シールド
Affected ally units gain %d SH, to a maximum of %d.;影響を受けた味方ユニットは最大%d体まで[%d_シールド:shield]を得る。
%d - Echo Heal;%d - エコーヒール
Echo Heal;エコーヒール
Affected ally units are re-healed for half the initial amount each turn for %d turns.;影響を受けた味方ユニットは、最初の量の半分を%dターン毎に再回復する。
%d - Spirit Bind;%d - スピリット・バインド
Spirit Bind;スピリット・バインド
Slain enemies create temporary spirits.  Spirits are blinking holy undead with %d hitpoints and a %d damage ranged holy attack.;倒された敵は一時的な霊を生み出す。霊は[%d_HP:minion_health]と、%dダメージの[破邪:holy]攻撃を持つ点滅する死霊である。
Hollow Flesh;HOLLOW FLESH
Curse a group of units with the essence of undeath.;あるグループのユニットに死霊の本質の呪いをかける。
Affected units become [%a] and lose [%a].;影響を受けたユニットは[%a]になり、[%a]を失う。
Affected units lose [%d%:damage] of their max HP.;影響を受けたユニットは最大HPの[%d%:damage]を失う。
Affected units lose [%d_holy:holy] resist.;影響を受けたユニットは[%d_破邪:holy]耐性を失う。
Affected units gain [%d_dark:dark] resist.;影響を受けたユニットは[%d_暗黒:dark]耐性を得る。
Affected units cannot be healed.;影響を受けたユニットは回復できない。\n
%d - Max Health Loss;%d - 最大HP減少
Max Health Loss;最大HP減少
%s gains %d Max Health Loss;%sは%dの最大HP減少を得る
%d - Fire Vulnerability;%d - 炎の脆弱性
Fire Vulnerability;炎の脆弱性
%s gains %d Fire Vulnerability;%sは%dの[炎:fire]の脆弱性を得る
Hungry Maw;HUNGRY MAW
Summons a hungry maw.;空腹な大口を召喚する。
The maw has [%d_HP:minion_health], [%d_SH:shields], floats, and is stationary.;その大口は[%d_HP:minion_health]、[%d_SH:shields]を持ち、浮遊し、静止している。
The maw has a [%d_physical:physical] damage attack, which pulls enemies towards it, with a range of [%d_tiles:minion_range].;大口は、敵を引き寄せる[%d_物理:physical]ダメージ攻撃を持ち、その範囲は[%d_タイル:minion_range]である。
The maw vanishes after [%d_turns:minion_duration].;大口は[%d_ターン:minion_duration]後に消える。\n
%d - Shields;%d - シールド
Shields;シールド
Invoke Savagery;INVOKE SAVAGERY
Each living ally attacks a random enemy unit in melee range.;各生物の味方が近接範囲のランダムな敵ユニットを攻撃する。
The attack deals [%d_physical:physical] damage and inflicts [%d_turns:duration] of [%a].;この攻撃は[%d_物理:physical]ダメージを与え、[%d_ターン:duration]の[スタン:stun]を引き起こす。
Magnetize;MAGNETIZE
Magnetize target metallic unit.;対象の金属ユニットを磁化する。
Enemy units within a [%d_tile:radius] radius of the magnetized unit are pulled [%d_tiles:range] towards the unit each turn.;磁化されたユニットの[%d_タイル:radius]半径内の敵ユニットは、毎ターンユニットに向かって[%d_タイル:range]引き寄せられる。
Afterwards, adjecent enemy units are stunned for %d turn.;その後、隣接する敵ユニットは%dターン間、スタンする。
%d - Pull Distance;%d - 引き寄せ距離
Pull Distance;引き寄せ距離
%s gains %d Pull Strength;%sは%dの引き寄せ力を得る
%d - Universal Magnetism;%d - 汎用磁力
Universal Magnetism;汎用磁力
Magnetize can target non [%a] units;磁化は[%a]でないユニットも対象にできる
Melt;MELT
Target unit takes [%d_fire:fire] damage and loses [%d_physical:physical] resist.;対象のユニットは[%d_炎:fire]ダメージを受け、[%d_物理:physical]の耐性を失う。
%d - Ice Penetration;%d - 氷の貫通
Ice Penetration;氷の貫通
Melt also reduces [%a] resist by %d;Meltもまた、[%a]の耐性を%d減少させる
Soul Swap;SOUL SWAP
Each turn for [%d_turns:duration], all allied units in a [%d_tile:radius] radius are healed for [%d_HP:heal].;指定された[%d_ターン:duration]の各ターンに、[%d_タイル:radius]半径内のすべての味方ユニットのHPが[%d_HP:heal]回復する。
%d - Global;%d - 全域
Global;全域
%s gains %d Whole Map;%sは全マップに対して%dを得る
Soul Swap can target enemy undead units as well.;SOUL SWAPは敵の死霊ユニットも対象にできる。
Regeneration Aura;REGENERATION AURA
The aura heals all allies on the level;オーラはフロアのすべての味方を回復する。
%d - Forced Transfer;%d - 強制転送
Forced Transfer;強制転送
Swap places with a friendly [%a] unit.;友好的な[%a]ユニットと位置を交換する。
Touch of Death;TOUCH OF DEATH
Deal [%d_dark:dark] damage to one unit in melee range.;近接範囲内の一つのユニットに[%d_暗黒:dark]ダメージを与える。
%s gains %d Arcane Damage;%sは[%d_秘術:arcane]ダメージを得る。
Touch of death also deals %d [%a] damage.;TOUCH OF DEATHは%d [%a]ダメージを追加で与える。
%s gains %d Fire Damage;%sは[%d_炎:fire]ダメージを得る。
%s gains %d Physical Damage;%sは[%d_物理:physical]ダメージを得る。
When a [%a] target dies to touch of death, it is raised as a friendly Raven.;[%a]ターゲットがTOUCH OF DEATHで死ぬと、友好的なRavenとして蘇る。
When a [%a] target dies to touch of death, it is raised as a friendly Vampire.;[%a]ターゲットがTOUCH OF DEATHで死ぬと、友好的なVampireとして蘇る。
When a [%a] target dies to touch of death, it is raise as a friendly Reaper for %d turns;[%a]ターゲットがTOUCH OF DEATHで死ぬと、%dターンの間、友好的なReaperとして蘇る。
Toxic Spores;TOXIC SPORES
Summons [%d:num_summons] Mushbooms.;[%d:num_summons]のMushboomsを召喚する。
Mushbooms have [%d_HP:minion_health].;Mushboomsは[%d_HP:minion_health]を持つ。
Mushbooms have a ranged attack dealing [%d_poison:poison] damage and inflicting [%d_turns:duration] of [%a].;Mushboomsは範囲攻撃を持ち、[%d_毒:poison]ダメージを与えて[%d_turns:duration]の[%a]を与える。
Mushbooms inflict [%d_turns:duration] of [%a] on units in melee range when they die.;Mushboomsが死ぬと、近接範囲内のユニットに[%d_turns:duration]の[%a]を与える。\n
%s gains [%d_num_summons:num_summons];%sは[%d_召喚数:num_summons]を得る。
Summon grey mushbooms instead, which apply stun instead of poison.;毒の代わりにスタンを適用するGrey mushboomsを召喚する。
Summon red mushbooms instead, which do not apply poison but deal fire damage;毒を適用せず、火のダメージを与えるRed mushboomsを代わりに召喚する。
Summon glass mushbooms instead, which apply glassify instead of poison;毒の代わりにグラス化を適用するGlass Mushboomsを代わりに召喚する。
Toxin Burst;TOXIN BURST
Deal [%d_poison:poison] damage and inflict [%a] on all units in a [%d_tile:radius] radius for [%d_turns:duration].;すべてのユニットに[%d_毒:poison]ダメージを与え、[%d_タイル:radius]の半径で[%d_turns:duration]の[%a]を与える。
poisoned;毒
Poisoned;毒
Aether Swap;AETHER SWAP
Swap places with target unit.;対象のユニットと位置を交換する。
That unit takes [%d_arcane:arcane] damage.;そのユニットは[%d_秘術:arcane]ダメージを受ける。
Cannot target [%a] immune units.;[%a]免疫のユニットを対象にできない。
Aether Swap can be cast without line of sight;Aether Swapは視界外からでも詠唱可能。
Basilisk Armor;BASILISK ARMOR
Whenever an enemy unit targets you with a spell or attack, that unit is [%a] for [%d:duration] turns.;敵ユニットがあなたを魔法や攻撃の対象にしたとき、そのユニットは[%d:duration]ターンの間[%a]になる。
Blinding Light;BLINDING LIGHT
[%a] all units in line of sight of the caster for [%d_turns:duration].;BLINDING LIGHTは詠唱者の視界内のすべてのユニットを[%d_ターン:duration]の間[%a]にする。
[%a] units have all their spell ranges reduced to %d.Deals [%d_holy:holy] damage to affected undead and demon units.;[%a]ユニットはすべての魔法の範囲が%dに減少する。影響を受けた死霊と悪魔のユニットには[%d_破邪:holy]ダメージを与える。\n
%s gains %d Dark Units;%sは[%d_暗黒:dark]ユニットを獲得する。
Dark units also take holy damage.;[暗黒:dark]ユニットも[破邪:holy]ダメージを受ける。
Blink;BLINK
Blink can be cast without line of sight;BLINKは視界外からでも詠唱可能だ。
Blink deals lightning damage in a %d tile burst upon arrival.  The damage is equal to twice the distance travelled, rounded up.;BLINKは到着時に%dタイルの範囲に[稲妻:lightning]ダメージを与える。ダメージは移動距離の2倍で、小数点は切り上げる。
Blink deals dark damage in a %d tile burst upon arrival.  The damage is equal to twice the distance travelled, rounded up.;BLINKは到着時に%dタイルの範囲に[暗黒:dark]ダメージを与える。ダメージは移動距離の2倍で、小数点は切り上げる。
Choir of Angels;CHOIR OF ANGELS
Summons a choir of [%d:num_summons] angelic singers.;[%d:num_summons]の天使の歌い手の合唱団を召喚する。
The angels can sing, dealing [%d_fire:fire] and [%d_holy:holy] damage to all [%a], [%a], and [%a] units in a [%d_tile:radius] radius. [%a] and [%a] units in the song's radius are healed for [%d_HP:heal].  The Wizard cannot be healed in this way.;天使たちは歌うことができ、その歌は[%d_炎:fire]と[%d_破邪:holy]のダメージを[%d_タイル:radius]の範囲内のすべての[%a]、[%a]、[%a]ユニットに与える。歌の範囲内の[%a]と[%a]ユニットは[%d_HP:heal]回復する。しかし、この方法ではウィザードは回復しない。
The singers have [%d_HP:minion_health], [%d_SH:shields], %d% resistance to [%a] and [%a] damage, and %d% resistance to [%a] damage.;歌い手は[%d_HP:minion_health]、[%d_SH:shields]、[%a]と[%a]ダメージに対する%d%の耐性を持つ。
The angels vanish after [%d:minion_duration] turns.;天使たちは[%d:minion_duration]ターン後に消える。\n
Darkness;DARKNESS
Dominate;DOMINATE
Earthquake;EARTHQUAKE
Ghostball;GHOSTBALL
Iceball;ICEBALL
Ironize;IRONIZE
Mercurize;MERCURIZE
Blizzard;BLIZZARD
Conductance;CONDUCTANCE
Permanence;PERMANENCE
Purity;PURITY
Multicast;MULTICAST
Combust Poison;COMBUST POISON
Death Chill;DEATH CHILL
Devour Mind;DEVOUR MIND
Earthen Sentinel;EARTHEN SENTINEL
Flame Burst;FLAME BURST
Frostfire Hydra;FROSTFIRE HYDRA
Glass Orb;GLASS ORB
Holy Armor;HOLY ARMOR
Holy Fire;HOLY FIRE
Lightning Halo;LIGHTNING HALO
Lightning Spire;LIGHTNING SPIRE
Mystic Power;MYSTIC POWER
Mystic Vision;MYSTIC VISION
Nightmare Aura;NIGHTMARE AURA
Pain Mirror;PAIN MIRROR
Plague of Filth;PLAGUE OF FILTH
Prison of Thorns;PRISON OF THORNS
Seal Fate;SEAL FATE
Shrapnel Blast;SHRAPNEL BLAST
Silver Spear;SILVER SPEAR
Suspend Mortality;SUSPEND MORTALITY
Underworld Passage;UNDERWORLD PASSAGE
Void Orb;VOID ORB
Arc Lightning;ARC LIGHTNING
Bone Barrage;BONE BARRAGE
Call Archon;CALL ARCHON
Call Seraph;CALL SERAPH
Chimera Familiar;CHIMERA FAMILIAR
Conjure Memories;CONJURE MEMORIES
Death Gaze;DEATH GAZE
Death Shock;DEATH SHOCK
Dispersion Field;DISPERSION FIELD
Essence Flux;ESSENCE FLUX
Fiery Tormentor;FIERY TORMENTOR
Fire Drake;FIRE DRAKE
Ice Drake;ICE DRAKE
Ice Orb;ICE ORB
Ice Vortex;ICE VORTEX
Lightning Storm;LIGHTNING STORM
Orb Control;ORB CONTROL
Pyrostatic Pulse;PYROSTATIC PULSE
Searing Seal;SEARING SEAL
Siege Golems;SIEGE GOLEMS
Siphon Shields;SIPHON SHIELDS
Storm Burst;STORM BURST
Storm Drake;STORM DRAKE
The Restless Dead;THE RESTLESS DEAD
Void Drake;VOID DRAKE
Volcanic Eruption;VOLCANIC ERUPTION
Wall of Ice;WALL OF ICE
Watcher Form;WATCHER FORM
Wheel of Death;WHEEL OF DEATH
Ball Lightning;BALL LIGHTNING
Blue Lion;BLUE LION
Cantrip Cascade;CANTRIP CASCADE
Chill Wind;CHILL WIND
Death Cleave;DEATH CLEAVE
Fae Court;FAE COURT
Floating Eye;FLOATING EYE
Flock of Eagles;FLOCK OF EAGLES
Heavenly Idol;HEAVENLY IDOL
Ice Phoenix;ICE PHOENIX
Pillar of Fire;PILLAR OF FIRE
Pyrostatic Curse;PYROSTATIC CURSE
Ring of Spiders;RING OF SPIDERS
Slime Form;SLIME FORM
Soul Tax;SOUL TAX
Spider Queen;SPIDER QUEEN
Dragon Roar;DRAGON ROAR
Gold Drake;GOLD DRAKE
Heaven's Wrath;HEAVEN'S WRATH
Imp Swarm;IMP SWARM
Mystic Memory;MYSTIC MEMORY
Searing Orb;SEARING ORB
Twilight Gaze;TWILIGHT GAZE
Knightly Oath;KNIGHTLY OATH
Spikeball Factory;SPIKEBALL FACTORY
Word of Beauty;WORD OF BEAUTY
Word of Chaos;WORD OF CHAOS
Word of Ice;WORD OF ICE
Word of Madness;WORD OF MADNESS
Word of Undeath;WORD OF UNDEATH
Fireball;FIREBALL
Deals [%d:damage] [%a] damage to units in a [%d_tile:radius] burst.;[%d:damage][%a]ダメージを%dタイルの範囲で与える。\n
Flame Tongue;FLAME TONGUE
Deal fire damage in a beam;炎属性のビームを発射する。\n
Meteor Shower;METEOR SHOWER
Rains [%d_meteors:num_targets] down on random tiles in a [%d_tile:radius] radius each turn.;毎ターン[%dつの隕石:num_targets]が[半径%d:radius]のランダムなタイルに降り注ぐ。
Meteors deal [%d_physical:physical] damage, destroy walls, and inflict stun for [%d_turns:duration].;隕石は[%d_物理:physical]ダメージを与え、壁を破壊し、[%d_ターン:duration]の間、スタンを付与する。
Meteors also deal [%d_fire:fire] damage in a [%d_tile:radius] radius.;また、隕石は[%d_炎:fire]ダメージを[半径%d:radius]に与える。
This spell can be channeled for up to [%d_turns:duration].  The effect is repeated each turn the spell is channeled.;この呪文は最大[%d_ターン:duration]までチャネリングすることができる。この効果はチャネリングが行われるたびに繰り返される。\n\n
Lightning Bolt;LIGHTNING BOLT
Deals [%d_lightning:lightning] damage in a beam.;[%d_稲妻:lightning]ダメージのビームを発射する。\n
Annihilate;ANNIHILATE
Deals [%d_fire:fire] damage, [%d_lightning:lightning] damage, and [%d_physical:physical] damage to the target.;敵に[%d_炎:fire]ダメージ [%d_稲妻:lightning]ダメージ [%d_物理:physical]ダメージを与える。\n
Mega Annihilate;MEGA ANNIHILATE
Hits from Annihilate will jump to nearby targets if the main target is killed;主要なターゲットが倒されると、Annihilateからの攻撃は近くのターゲットにジャンプする。\n
Teleport;TELEPORT
Teleport to target tile;ターゲットタイルにテレポートする。\n
Death Bolt;DEATH BOLT
Deals [%d_dark:dark] damage to one target.;ターゲット1人に[%d_暗黒:dark]ダメージを与える。
Slain living units are raised as skeletons.;倒した敵はスケルトンとして蘇る。
Raised skeletons have max HP equal to that of the slain unit, and deal [%d_physical:physical] damage in melee.;スケルトンは元々の敵と同じHPを持ち、近接で[%d_物理:physical]ダメージを与える。
Skeletons of flying units can fly.;飛行する敵のスケルトンは 空を飛ぶことができる。\n
Flame Gate;FLAME GATE
Whenever you cast a [%a] spell, summon a fire elemental at the target of that spell.;[炎:fire]の呪文を唱えるたびに、一時的にターゲットの近くに Fire Elemental を召喚する。
Fire elementals have [%d_HP:minion_health], [%d_fire:fire] resist, [%d_physical:physical] resist, and [-%d_ice:ice] resist.;Fire Elementalは[%d_HP:minion_health] [%d_炎:fire]耐性 [%d_物理:physical]耐性 [-%d_冷気:ice]耐性を持つ。
Fire elementals have an attack which deals [%d_fire:fire] damage with a [%d_tile:minion_range] range.;Fire Elementalは[%d_炎:fire]ダメージを[%d_タイル:minion_range]の射程で攻撃する。
Fire elementals vanish after [%d_turns:minion_duration].;Fire Elementalは[%d_ターン:minion_duration]持続する。
This effect lasts until you fail to cast a fire spell.;この付与は、移動するか非[炎:fire]の呪文を唱えると終了する。\n\n
Lightning Form;LIGHTNING FORM
Whenever you cast a lightning spell, if the target square is empty, teleport to the target square.;[稲妻:lightning]の呪文を唱えるたびに、ターゲットのマスが空いていれば、そのマスにテレポートする。
This enchantment ends if you move or cast a non lightning spell.;この付与は、移動するか非[稲妻:lightning]の呪文を唱えると終了する。
Whenever you cast a [%a] spell, teleport to that spell's target.;[%a]の呪文を唱えるたびに、その呪文のターゲットにテレポートする。
Gain [%d_lightning:lightning] resistance.;[%d_稲妻:lightning]耐性を得る。
Gain [%d_physical:physical] resistance.;[%d_物理:physical]耐性を得る。
This effect ends the first turn that you fail to cast a [%a] spell.;この効果はあなたが[稲妻:lightning]の呪文を唱えられなかったターンに終了する。\n
Void Beam;VOID BEAM
Deal [%d_arcane:arcane] damage and destroy walls in a beam.;ビーム内の壁を破壊し、[%d_秘術:arcane]ダメージを与える。\n
Thunder Strike;THUNDER STRIKE
Deal [%d_lightning:lightning] damage to the target.;ターゲットに[%d_稲妻:lightning]ダメージを与え、
Stun all enemies in a [%d_tile:radius] burst around the target.;ターゲットの周囲の[%d_タイル:radius]範囲内の全ての敵をスタンさせる。\n
Giant Strength;GIANT STRENGTH
Stone Giant Form;ストーン・ジャイアント・フォーム
Temporarily gain physical resistance and the ability to hurl boulders.;一時的に[物理:physical]抵抗力を得て、巨石を投げる能力を得る。\m
Chaos Barrage;CHAOS BARRAGE
Fire [%d_bolts:num_targets] of chaotic energy at random units in a cone.;円錐状にランダムなユニットに向けて[混沌:chaos]エネルギーの%dボルトを発射する。
Each bolt randomly deals [%d_fire:fire], [%d_lightning:lightning], or [%d_physical:physical] damage.;各ボルトはランダムに[%d_炎:fire]、[%d_稲妻:lightning]、または[%d_物理:physical]ダメージを与える。\n
Inferno;INFERNO
Create a spreading inferno that deals damage each turn to units inside.;内部のユニットに毎ターンダメージを与える広がる炎を作り出す。
A spreading cloud of fire. Deals %d damage to creatures caught within each turn.;広がる炎の雲。毎ターン、中にいる敵に%dダメージを与える。
Disperse;DISPERSE
Teleport all units in a [%d_tile:radius] radius to random locations;[%d_タイル:radius]内のすべてのユニットをランダムな位置にテレポートする。
The caster is unaffected.;詠唱者には影響しない。\n
Petrify;PETRIFY
Inflict [%a] on the target for [%d_turns:duration].;対象に[%dターン:duration]の[%a]を与える。
[%a] units cannot act.;[%a]したユニットは動くことができない。
[%a] units gain [%d_ice:ice] resist.;[%a]したユニットは [%d_冷気:ice]抵抗を得る。
[%a] units gain [%d_lightning:lightning] resist.;[%a]したユニットは [%d_稲妻:lightning]抵抗を得る。
[%a] units gain [%d_physical:physical] resist.;[%a]したユニットは [%d_物理:physical]抵抗を得る。
[%a] units gain [%d_fire:fire] resist.;[%a]したユニットは [%d_炎:fire]抵抗を得る。\n
Petrification Aura;PETRIFICATION AURA
Petrify nearby enemies each turn;毎ターン、近くの敵を石化させる
Each turn, inflict [%a] on up to [%d:num_targets] unpetrified enemy units in a [%d_tile:radius] radius each turn.;毎ターン、最大[%d:num_targets]体まで[半径%dタイル:radius]内の敵ユニットに[%a]を与える。
Lasts [%d_turns:duration].;[%dターン:duration]持続する。\n\n
Wolf;WOLF
Summon a wolf.;ウルフを召喚する。
The wolf has [%d_HP:minion_health].;ウルフは[%d_HP:minion_health]を持つ。
The wolf has a melee attack which deals [%d_physical:physical] damage.;ウルフは[%d_物理:physical]ダメージを与える近接攻撃を持つ。\n
Dire Wolf;DIRE WOLF
Summon a dire wolf.;ダイア・ウルフを召喚する。
Giant Bear;GIANT BEAR
Summon a giant bear.;巨大熊を召喚する。
The bear has [%d_HP:minion_health].;熊は[%d_HP:minion_health]を持つ。
The bear has a melee attack which deals [%d_physical:physical] damage.;熊は近接攻撃で[%d_物理:physical]ダメージを与える。\n
%d - Minion Attacks;%d - ミニオン攻撃回数
Minion Attacks;ミニオン攻撃回数
%d - Armored Bear;%d - アーマード・ベア
Armored Bear;アーマード・ベア
Summons an armored bear instead of a giant bear.  Armored bears have increased physical resistance and HP, but are vulnerable to lightning damage.;巨大熊の代わりに装甲熊を召喚する。装甲熊は[物理:physical]耐性とHPが上昇し、[雷:lightning]ダメージに弱い。
%d - Venom Bear;%d - ヴェノム・ベア
Venom Bear;ヴェノム・ベア
Summons a venom bear instead of a giant bear.  Venom Bears have a poison bite, and heal whenever an enemy takes poison damage.;巨大熊の代わりに毒熊を召喚する。毒熊は毒を持つ噛み付き攻撃を持ち、敵が毒ダメージを受けるたびに回復する。
%d - Blood Bear;%d - ブラッド・ベア
Blood Bear;ブラッド・ベア
Summons a blood bear instead of a giant bear.  Blood bears are resistant to dark damage, and deal increasing damage with each attack.;巨大熊の代わりにブラッドベアを召喚する。ブラッドベアは[暗黒:dark]ダメージに対する耐性を持ち、攻撃するたびにダメージが増加する。
Attacks %d times.;%d回攻撃する。
Sight of Blood;SIGHT OF BLOOD
Must target a damaged [%a] unit.;ダメージを受けた[%a]を対象にする必要がある。
The target is [%a] for [%d_turns:duration].;対象は[%d_ターン:duration]間[%a]状態になる。
All [%a] units in line of sight of the target go [%a] for [%d_turns:duration].;対象が視界内にいる全ての[%a]は[%d_ターン:duration]間[%a]状態になる。
[%a] units are hostile to all other units, they will attack and be attacked by their allies.;[%a]ユニットは他のすべてのユニットと敵対しており、味方を攻撃したり、味方の攻撃を受けたりする。\n
%d - Demon Frenzy;%d - デーモン・フレンジー
Demon Frenzy;デーモン・フレンジー
Demon units are also affected;デーモンユニットも影響を受ける。
%d - Blindcasting;%d - ブラインド・キャスティング
Blindcasting;ブラインド・キャスティング
Sight of Blood can be cast without line of sight;視界外からもSIGHT OF BLOODを発動できる。
Learn New Spell (S);呪文を学ぶ (S)
Learn a new spell;呪文を学ぶ
Learn New Skill (K);スキルを学ぶ (K)
Learn a new skill;スキルを学ぶ
Learn %s for %d SP?;%sを%d SPで学ぶ？
%s gains [%d_damage:damage];%s を強化する:\n%d ダメージ
%s gains [%d_range:range];%s を強化する:\n%d 射程
%s gains [%d_max_charges:max_charges];%s を強化する:\n%d 最大チャージ
%s gains [%d_radius:radius];%s を強化する:\n%d 半径
%s gains [%d_minion_damage:minion_damage];%s を強化する:\n%d ミニオンダメージ
%s gains %d Stun Duration;%s を強化する:\n%d スタン持続
%s gains [%d_num_targets:num_targets];%s を強化する:\n%d ターゲット数
%s gains %d Max Channel;%s を強化する:\n%d 最大チャネル
%s gains [%d_cascade_range:cascade_range];%s を強化する:\n%d カスケード範囲
%s gains [%d_arcane:arcane];%s を強化する:\n[%d_秘術:arcane]
%s gains [%d_dark:dark];%s を強化する:\n[%d_暗黒:dark]
%s gains [%d_minion_range:minion_range];%s を強化する:\n%d ミニオン範囲
%s gains [%d_minion_duration:minion_duration];%s を強化する:\n%d ミニオン持続
%s gains [%d_minion_health:minion_health];%s を強化する:\n%d ミニオン体力
%s gains [%d_duration:duration];%s を強化する:\n%d 持続時間
%s gains -%d Requires Los;%s を強化する:\n-%d 視界強化
%s gains %d Storm Power;%s を強化する:\n %d 稲妻の力
%s gains %d Petrify Duration;%s を強化する:\n %d 石化持続
%s gains %d Minion Attacks;%s を強化する:\n %d ミニオン攻撃回数
%s gains %d Demon Units;%s を強化する:\n %d デーモン・ユニット
%s gains %d Shield Burn;%s を強化する:\n %d シールドバーン
%s gains [%d_shields:shields];%sは[%d_シールド:shields]を獲得する
%s can be upgraded with only %d %s upgrade;\n%s は%dつの %s アップグレードが可能
bolt;ボルト
damage;ダメージ
type;タイプ
minion;ミニオン
Upgrades Available;つのアップグレードが可能
%d - Damage;%d - ダメージ
Damage;ダメージ
%d damage;%d ダメージ
%d - Max Charges;%d - マックスチャージ
Max Charges;マックスチャージ
%d max charges;%d マックスチャージ
%d - Minion Damage;%d - ミニオンダメージ
Minion Damage;ミニオンダメージ
%d minion damage;%d ミニオンダメージ
%d - Minion Range;%d - ミニオン範囲
Minion Range;ミニオン範囲
%d minion range;%d ミニオン範囲
%d - Minion Duration;%d - ミニオン持続
Minion Duration;ミニオン持続
%d minion duration;%d ミニオン持続
%d - Minion Health;%d - ミニオン体力
Minion Health;ミニオン体力
%d minion health;%d ミニオン体力
%d - Duration;%d - 持続
Duration;持続
%d duration;%d 持続
%d - Extra Bolts;%d - 追加ボルト
Extra Bolts;追加ボルト
%d - Range;%d - 射程
Range;射程
%d range;%d 射程
%d - Radius;%d - 半径
Radius;半径
%d radius;%d 半径
%d - Num Targets;%d - ターゲット数
Num Targets;ターゲット数
%d num targets;%d ターゲット数
%d - Stun Duration;%d - スタン時間
Stun Duration;スタン時間
%d stun duration;%d スタン時間
%d - Chaos Ball;%d - カオス・ボール
Chaos Ball;カオス・ボール
%d - Energy Ball;%d - エナジー・ボール
Energy Ball;エナジー・ボール
%d - Ash Ball;%d - アッシュ・ボール
Ash Ball;アッシュ・ボール
Fireball randomly deals [%a], [%a], or [%a] damage.  If a unit is resistant to one or more of these damage types, fireball deals the damage type that unit is least resistant to.;FIREBALL はランダムに[%a] [%a] [%a]のダメージを与える。敵がこれらのダメージタイプのうち1つ以上に耐性を持っている場合、FIREBALLはそのユニットが最も耐性を持っていないダメージタイプを与える。
Fireball blinds for %d turn.;FIREBALLは%dターンの盲目を与える。
Fireball can be upgraded with only %d damage type upgrade;FIREBALLのダメージタイプのアップグレードは%dつだけ可能。
%d - Meteor Size;%d - 隕石の大きさ
Meteor Size;隕石の大きさ
Increase the physical damage and stun radius from %d to %d;物理ダメージとスタン半径を%dから%dに増やす。
%d - Max Channel;%d - 最大チャネル
Max Channel;最大チャネル
%d max channel;%d 最大チャネル
%d - Withering;%d - ウィザリング
Withering;ウィザリング
Non living units damaged by Death Bolt lose max hp equal to the damage dealt.;DEATH BOLT によってダメージを受けた非生物は、受けたダメージと同じだけ最大HPを失う。
%d - Soul Battery;%d - ソウル・バッテリー
Soul Battery;ソウル・バッテリー
Deathbolt permenantly gains %d damage whenever it slays a living target.;DEATH BOLT は生物を倒す度に永久的に%dダメージを得る。
%d - Channeling;%d - チャネリング
Channeling;チャネリング
Lightning bolt can be channeled for up to %d turns.;LIGHTNING BOLT は最大%dターンの間、チャネリング出来る。
%d - Judgement Bolt;%d - ジャッジメント・ボルト
Judgement Bolt;ジャッジメント・ボルト
Lightning bolt also deals holy and dark damage;LIGHTNING BOLTは[破邪:holy]と[暗黒:dark]のダメージも与える。
%d - Energy Bolt;%d - エナジー・ボルト
Energy Bolt;エナジー・ボルト
Lightning bolt also deals fire and arcane damage;LIGHTNING BOLTは[炎:fire]と[秘術:arcane]のダメージも与える。
%d - Cascade;%d - カスケード
Cascade;カスケード
Hits from Annihilate will jump to nearby targets if the main target is killed;敵を倒した時、ANNIHILATEは近くの敵に連鎖する。
%d - Dark Annihilation;%d - ダーク・アナイアレイション
Dark Annihilation;ダーク・アナイアレイション
Annihilate deals an additional dark damage hit;ANNIHILATEは追加の[暗黒:dark]ダメージを与える。
%d - Arcane Annihilation;%d - アルケン・アナイアレイション
Arcane Annihilation;アルケン・アナイアレイション
Annihilate deals an additional arcane damage hit;ANNIHILATEは追加の[秘術:arcane]ダメージを与える。
%d - Void Teleport;%d - ヴォイド・テレポート
Void Teleport;ヴォイド・テレポート
Teleport deals arcane damage to all enemy units in line of sight of the targeted tile equal to its maximum number of charges.;テレポートは、対象タイルの視界内にあるすべての敵ユニットに対して、その最大チャージ数に等しい[秘術:arcane]ダメージを与える。
%d - Blindcasting;%d - ブラインドキャスティング
Blindcasting;ブラインドキャスティング
Thunderstrike can be cast without line of sight;Thunderstrikeは視界がなくてもキャスト可能。
%d - Storm Power;%d - ストーム・パワー
Storm Power;ストーム・パワー
Radius and stun duration are doubled if the target is inside of a storm cloud.;ターゲットが嵐の雲の中にいる場合、範囲とスタンの持続時間は倍となる。
%d - Heaven Strike;%d - ヘブン・ストライク
Heaven Strike;ヘブン・ストライク
Thunder Strike also deals holy damage;Thunder Strikeは[破邪:holy]ダメージも与える。
%d - Petrify Duration;%d - 石化持続
Petrify Duration;石化持続
%d - Glassify;%d - ガラス化
Glassify;ガラス化
Turn the target to glass instead of stone.  Glass targets have -%d physical resist.;対象を石ではなく[ガラス:glass]に変える。[ガラス:glass]の対象は物理抵抗が-%dとなる。
Turn enemies to glass instead of stone, makeing them take double physical damage instead of one quarter.;敵を石ではなく[ガラス:glass]に変える、これにより敵は1/4ではなく2倍の[物理:physical]ダメージを受ける。
%d - Leap Range;%d - 飛躍範囲
%d - Pounce;%d - パウンス
Pounce;パウンス
Summoned wolves gain a leap attack;召喚されたウルフは飛躍攻撃を獲得する。
%d - Blood Hound;%d - ブラッド・ハウンド
Blood Hound;ブラッド・ハウンド
Summon blood hounds instead of wolves.;ウルフの代わりにブラッド・ハウンドを召喚する。
%d - Ice Hound;%d - アイス・ハウンド
Ice Hound;アイス・ハウンド
Summon ice hounds instead of wolves.;ウルフの代わりにアイス・ハウンドを召喚する。
%d - Clay Hound;%d - クレイ・ハウンド
Clay Hound;クレイ・ハウンド
Summon clay hounds instead of wolves.;ウルフの代わりにクレイ・ハウンドを召喚する。
%d - Wolf Pack;%d - ウルフ・パック
Wolf Pack;ウルフ・パック
Each cast of wolf consumes %d charges and summons %d wolves.;WOLFの各キャストは2チャージを消費し、4匹のウルフを召喚する。
Gain +%d damage for %d turns with each attack;+各攻撃で%dダメージを得る(%dターン毎)
%d - Thorns;%d - ソーンズ
Thorns;ソーンズ
%d - Regen Buff;%d - リジェンバフ
Regen Buff;リジェンバフ
